Sample_ID;approach;vehicle_type;replicate;size;sample_type;condition;sample_full;sample_short;color_sample_type;color_condition;color_size;color_replicate;color_sample_category;color_approach
ProLAaltg1;treatment;truck;R1;large;truck_driving_axle;used;ProLAaltg1;ProLAaltg;rgb(0.7294117647,0.33333333333,0.82745098039,1);blue;deeppink2;rgb(1,0.54901960784,0,1);rgb(0.929,0.694,0.125,1);coral1
ProLAaltg2;treatment;truck;R2;large;truck_driving_axle;used;ProLAaltg2;ProLAaltg;rgb(0.7294117647,0.33333333333,0.82745098039,1);blue;deeppink2;rgb(0.93333333333,0.18823529411,0.65490196078,1);rgb(0.929,0.694,0.125,1);coral1
ProLAaltg3;treatment;truck;R3;large;truck_driving_axle;used;ProLAaltg3;ProLAaltg;rgb(0.7294117647,0.33333333333,0.82745098039,1);blue;deeppink2;rgb(0.33333333333,0.10196078431,0.54509803921,1);rgb(0.929,0.694,0.125,1);coral1
ProLAaltk1;treatment;truck;R1;small;truck_driving_axle;used;ProLAaltk1;ProLAaltk;rgb(0.7294117647,0.33333333333,0.82745098039,1);blue;goldenrod1;rgb(1,0.54901960784,0,1);rgb(0.929,0.694,0.125,1);coral1
ProLAaltk2;treatment;truck;R2;small;truck_driving_axle;used;ProLAaltk2;ProLAaltk;rgb(0.7294117647,0.33333333333,0.82745098039,1);blue;goldenrod1;rgb(0.93333333333,0.18823529411,0.65490196078,1);rgb(0.929,0.694,0.125,1);coral1
ProLAaltk3;treatment;truck;R3;small;truck_driving_axle;used;ProLAaltk3;ProLAaltk;rgb(0.7294117647,0.33333333333,0.82745098039,1);blue;goldenrod1;rgb(0.33333333333,0.10196078431,0.54509803921,1);rgb(0.929,0.694,0.125,1);coral1
ProLAneug1;treatment;truck;R1;large;truck_driving_axle;unused;ProLAneug1;ProLAneug;rgb(0.7294117647,0.33333333333,0.82745098039,1);green;deeppink2;rgb(1,0.54901960784,0,1);rgb(0.929,0.694,0.125,1);coral1
ProLAneug2;treatment;truck;R2;large;truck_driving_axle;unused;ProLAneug2;ProLAneug;rgb(0.7294117647,0.33333333333,0.82745098039,1);green;deeppink2;rgb(0.93333333333,0.18823529411,0.65490196078,1);rgb(0.929,0.694,0.125,1);coral1
ProLAneug3;treatment;truck;R3;large;truck_driving_axle;unused;ProLAneug3;ProLAneug;rgb(0.7294117647,0.33333333333,0.82745098039,1);green;deeppink2;rgb(0.33333333333,0.10196078431,0.54509803921,1);rgb(0.929,0.694,0.125,1);coral1
ProLAneuk1;treatment;truck;R1;small;truck_driving_axle;unused;ProLAneuk1;ProLAneuk;rgb(0.7294117647,0.33333333333,0.82745098039,1);green;goldenrod1;rgb(1,0.54901960784,0,1);rgb(0.929,0.694,0.125,1);coral1
ProLAneuk2;treatment;truck;R2;small;truck_driving_axle;unused;ProLAneuk2;ProLAneuk;rgb(0.7294117647,0.33333333333,0.82745098039,1);green;goldenrod1;rgb(0.93333333333,0.18823529411,0.65490196078,1);rgb(0.929,0.694,0.125,1);coral1
ProLAneuk3;treatment;truck;R3;small;truck_driving_axle;unused;ProLAneuk3;ProLAneuk;rgb(0.7294117647,0.33333333333,0.82745098039,1);green;goldenrod1;rgb(0.33333333333,0.10196078431,0.54509803921,1);rgb(0.929,0.694,0.125,1);coral1
ProLFaltg1;treatment;truck;R1;large;truck_front_axle;used;ProLFaltg1;ProLFaltg;rgb(0.2647,0.5634,0.9965,1);blue;deeppink2;rgb(1,0.54901960784,0,1);rgb(0.929,0.694,0.125,1);coral1
ProLFaltg2;treatment;truck;R2;large;truck_front_axle;used;ProLFaltg2;ProLFaltg;rgb(0.2647,0.5634,0.9965,1);blue;deeppink2;rgb(0.93333333333,0.18823529411,0.65490196078,1);rgb(0.929,0.694,0.125,1);coral1
ProLFaltg3;treatment;truck;R3;large;truck_front_axle;used;ProLFaltg3;ProLFaltg;rgb(0.2647,0.5634,0.9965,1);blue;deeppink2;rgb(0.33333333333,0.10196078431,0.54509803921,1);rgb(0.929,0.694,0.125,1);coral1
ProLFaltk1;treatment;truck;R1;small;truck_front_axle;used;ProLFaltk1;ProLFaltk;rgb(0.2647,0.5634,0.9965,1);blue;goldenrod1;rgb(1,0.54901960784,0,1);rgb(0.929,0.694,0.125,1);coral1
ProLFaltk2;treatment;truck;R2;small;truck_front_axle;used;ProLFaltk2;ProLFaltk;rgb(0.2647,0.5634,0.9965,1);blue;goldenrod1;rgb(0.93333333333,0.18823529411,0.65490196078,1);rgb(0.929,0.694,0.125,1);coral1
ProLFaltk3;treatment;truck;R3;small;truck_front_axle;used;ProLFaltk3;ProLFaltk;rgb(0.2647,0.5634,0.9965,1);blue;goldenrod1;rgb(0.33333333333,0.10196078431,0.54509803921,1);rgb(0.929,0.694,0.125,1);coral1
ProLFneug1;treatment;truck;R1;large;truck_front_axle;unused;ProLFneug1;ProLFneug;rgb(0.2647,0.5634,0.9965,1);green;deeppink2;rgb(1,0.54901960784,0,1);rgb(0.929,0.694,0.125,1);coral1
ProLFneug2;treatment;truck;R2;large;truck_front_axle;unused;ProLFneug2;ProLFneug;rgb(0.2647,0.5634,0.9965,1);green;deeppink2;rgb(0.93333333333,0.18823529411,0.65490196078,1);rgb(0.929,0.694,0.125,1);coral1
ProLFneug3;treatment;truck;R3;large;truck_front_axle;unused;ProLFneug3;ProLFneug;rgb(0.2647,0.5634,0.9965,1);green;deeppink2;rgb(0.33333333333,0.10196078431,0.54509803921,1);rgb(0.929,0.694,0.125,1);coral1
ProLFneuk1;treatment;truck;R1;small;truck_front_axle;unused;ProLFneuk1;ProLFneuk;rgb(0.2647,0.5634,0.9965,1);green;goldenrod1;rgb(1,0.54901960784,0,1);rgb(0.929,0.694,0.125,1);coral1
ProLFneuk2;treatment;truck;R2;small;truck_front_axle;unused;ProLFneuk2;ProLFneuk;rgb(0.2647,0.5634,0.9965,1);green;goldenrod1;rgb(0.93333333333,0.18823529411,0.65490196078,1);rgb(0.929,0.694,0.125,1);coral1
ProLFneuk3;treatment;truck;R3;small;truck_front_axle;unused;ProLFneuk3;ProLFneuk;rgb(0.2647,0.5634,0.9965,1);green;goldenrod1;rgb(0.33333333333,0.10196078431,0.54509803921,1);rgb(0.929,0.694,0.125,1);coral1
ProPAaltg1;treatment;car;R1;large;car_all_weather;used;ProPAaltg1;ProPAaltg;rgb(0.60392156862,0.80392156862,0.19607843137,1);blue;deeppink2;rgb(1,0.54901960784,0,1);rgb(0.929,0.694,0.125,1);coral1
ProPAaltg2;treatment;car;R2;large;car_all_weather;used;ProPAaltg2;ProPAaltg;rgb(0.60392156862,0.80392156862,0.19607843137,1);blue;deeppink2;rgb(0.93333333333,0.18823529411,0.65490196078,1);rgb(0.929,0.694,0.125,1);coral1
ProPAaltg3;treatment;car;R3;large;car_all_weather;used;ProPAaltg3;ProPAaltg;rgb(0.60392156862,0.80392156862,0.19607843137,1);blue;deeppink2;rgb(0.33333333333,0.10196078431,0.54509803921,1);rgb(0.929,0.694,0.125,1);coral1
ProPAaltk1;treatment;car;R1;small;car_all_weather;used;ProPAaltk1;ProPAaltk;rgb(0.60392156862,0.80392156862,0.19607843137,1);blue;goldenrod1;rgb(1,0.54901960784,0,1);rgb(0.929,0.694,0.125,1);coral1
ProPAaltk2;treatment;car;R2;small;car_all_weather;used;ProPAaltk2;ProPAaltk;rgb(0.60392156862,0.80392156862,0.19607843137,1);blue;goldenrod1;rgb(0.93333333333,0.18823529411,0.65490196078,1);rgb(0.929,0.694,0.125,1);coral1
ProPAaltk3;treatment;car;R3;small;car_all_weather;used;ProPAaltk3;ProPAaltk;rgb(0.60392156862,0.80392156862,0.19607843137,1);blue;goldenrod1;rgb(0.33333333333,0.10196078431,0.54509803921,1);rgb(0.929,0.694,0.125,1);coral1
ProPAneug1;treatment;car;R1;large;car_all_weather;unused;ProPAneug1;ProPAneug;rgb(0.60392156862,0.80392156862,0.19607843137,1);green;deeppink2;rgb(1,0.54901960784,0,1);rgb(0.929,0.694,0.125,1);coral1
ProPAneug2;treatment;car;R2;large;car_all_weather;unused;ProPAneug2;ProPAneug;rgb(0.60392156862,0.80392156862,0.19607843137,1);green;deeppink2;rgb(0.93333333333,0.18823529411,0.65490196078,1);rgb(0.929,0.694,0.125,1);coral1
ProPAneug3;treatment;car;R3;large;car_all_weather;unused;ProPAneug3;ProPAneug;rgb(0.60392156862,0.80392156862,0.19607843137,1);green;deeppink2;rgb(0.33333333333,0.10196078431,0.54509803921,1);rgb(0.929,0.694,0.125,1);coral1
ProPAneuk1;treatment;car;R1;small;car_all_weather;unused;ProPAneuk1;ProPAneuk;rgb(0.60392156862,0.80392156862,0.19607843137,1);green;goldenrod1;rgb(1,0.54901960784,0,1);rgb(0.929,0.694,0.125,1);coral1
ProPAneuk2;treatment;car;R2;small;car_all_weather;unused;ProPAneuk2;ProPAneuk;rgb(0.60392156862,0.80392156862,0.19607843137,1);green;goldenrod1;rgb(0.93333333333,0.18823529411,0.65490196078,1);rgb(0.929,0.694,0.125,1);coral1
ProPAneuk3;treatment;car;R3;small;car_all_weather;unused;ProPAneuk3;ProPAneuk;rgb(0.60392156862,0.80392156862,0.19607843137,1);green;goldenrod1;rgb(0.33333333333,0.10196078431,0.54509803921,1);rgb(0.929,0.694,0.125,1);coral1
ProPSaltg1;treatment;car;R1;large;car_summer;used;ProPSaltg1;ProPSaltg;burlywood;blue;deeppink2;rgb(1,0.54901960784,0,1);rgb(0.929,0.694,0.125,1);coral1
ProPSaltg2;treatment;car;R2;large;car_summer;used;ProPSaltg2;ProPSaltg;burlywood;blue;deeppink2;rgb(0.93333333333,0.18823529411,0.65490196078,1);rgb(0.929,0.694,0.125,1);coral1
ProPSaltg3;treatment;car;R3;large;car_summer;used;ProPSaltg3;ProPSaltg;burlywood;blue;deeppink2;rgb(0.33333333333,0.10196078431,0.54509803921,1);rgb(0.929,0.694,0.125,1);coral1
ProPSaltk1;treatment;car;R1;small;car_summer;used;ProPSaltk1;ProPSaltk;burlywood;blue;goldenrod1;rgb(1,0.54901960784,0,1);rgb(0.929,0.694,0.125,1);coral1
ProPSaltk2;treatment;car;R2;small;car_summer;used;ProPSaltk2;ProPSaltk;burlywood;blue;goldenrod1;rgb(0.93333333333,0.18823529411,0.65490196078,1);rgb(0.929,0.694,0.125,1);coral1
ProPSaltk3;treatment;car;R3;small;car_summer;used;ProPSaltk3;ProPSaltk;burlywood;blue;goldenrod1;rgb(0.33333333333,0.10196078431,0.54509803921,1);rgb(0.929,0.694,0.125,1);coral1
ProPSneug1;treatment;car;R1;large;car_summer;unused;ProPSneug1;ProPSneug;burlywood;green;deeppink2;rgb(1,0.54901960784,0,1);rgb(0.929,0.694,0.125,1);coral1
ProPSneug2;treatment;car;R2;large;car_summer;unused;ProPSneug2;ProPSneug;burlywood;green;deeppink2;rgb(0.93333333333,0.18823529411,0.65490196078,1);rgb(0.929,0.694,0.125,1);coral1
ProPSneug3;treatment;car;R3;large;car_summer;unused;ProPSneug3;ProPSneug;burlywood;green;deeppink2;rgb(0.33333333333,0.10196078431,0.54509803921,1);rgb(0.929,0.694,0.125,1);coral1
ProPSneuk1;treatment;car;R1;small;car_summer;unused;ProPSneuk1;ProPSneuk;burlywood;green;goldenrod1;rgb(1,0.54901960784,0,1);rgb(0.929,0.694,0.125,1);coral1
ProPSneuk2;treatment;car;R2;small;car_summer;unused;ProPSneuk2;ProPSneuk;burlywood;green;goldenrod1;rgb(0.93333333333,0.18823529411,0.65490196078,1);rgb(0.929,0.694,0.125,1);coral1
ProPSneuk3;treatment;car;R3;small;car_summer;unused;ProPSneuk3;ProPSneuk;burlywood;green;goldenrod1;rgb(0.33333333333,0.10196078431,0.54509803921,1);rgb(0.929,0.694,0.125,1);coral1
